Policlinic,Message
Nöroloji,Başım ağrıyor
Nöroloji,Başımda basınç hissi
Nöroloji,Başım dönüyor
Nöroloji,Unutkanlık yaşıyorum
Nöroloji,Kulak çınlaması
Nöroloji,Ellerde titreme
Nöroloji,Bacaklarımda uyuşma hissediyorum
Nöroloji,Gözlerim bulanık görüyor
Nöroloji,Denge kaybı yaşıyorum
Nöroloji,Migrenim tekrar başladı şiddetli bir baş ağrım
Nöroloji,Sinirsel sorunlarım arttı 
Nöroloji,Kolumda uyuşma
Nöroloji,Başımda baskı hissediyorum
Nöroloji,Beyin tomografisi yaptırmak istiyorum
Nöroloji,Sürekli baş ağrısı çekiyorum
Nöroloji,Beyin tümörü riski mı?
Nöroloji,Beynimde ağrı
Nöroloji,Beyin fonksiyonlarımda sorun
Nöroloji,Beyin ve omurilik sağlığım bozuk
Nöroloji,Baş dönmesi ve bulantım
Nöroloji,Başımda zonklama
Nöroloji,Parkinson hastalığından şüpheleniyorum
Nöroloji,Sinir bozukluğu yaşıyorum
Nöroloji,Sürekli baş ağrısı ve halsizlik hissediyorum
Nöroloji,Denge sorunları yaşıyorum
Nöroloji,Sürekli uyku hali
Nöroloji,Vücudumda güçsüzlük hissediyorum
Nöroloji,Yüksek stres nedeniyle baş ağrısı yaşıyorum
Nöroloji,Beynimde baskı ağrı yapıyor
Nöroloji,Beyin sağlığım hakkında test yaptırmak istiyorum
Nöroloji,Baş dönmesi nedeniyle yürümekte zorlanıyorum
Nöroloji,Konsantrasyon problemi yaşıyorum
Nöroloji,Baş ağrım çok şiddetli
Nöroloji,Kafamda bir baskı hissediyorum
Nöroloji,Sürekli huzursuz hissediyorum
Nöroloji,Beynimde ağrı tedavi önerisi alabilir miyim?
Nöroloji,Ellerimde karıncalanma
Nöroloji,Beyin testleri için yönlendirme alabilir miyim?
Nöroloji,Beyin ve sinir hastalıkları hakkında bilgi almak istiyorum
Nöroloji,Başımda yoğun ağrı
Nöroloji,Düşünme ve anımsama güçlüğü çekiyorum
Nöroloji,Beynimde garip bir hissiyat
Nöroloji,Zihinsel yorgunluk hissediyorum
Nöroloji,Beyinle ilgili bir sorun olabilir mi?
Nöroloji,Konsantrasyon kaybı yaşıyorum
Nöroloji,Baş dönmem
Nöroloji,Beyin sağlığım hakkında endişelerim baş dönmem de
Nöroloji,Başımda zonklama hissi
Nöroloji,Gözlerim bulanık görüyor
Nöroloji,Bacaklarımda güçsüzlük hissediyorum
Nöroloji,Beynimde garip bir basınç hissediyorum
Nöroloji,Duygusal dengesizlik yaşıyorum
Nöroloji,Kolumda uyuşma hissediyorum
Nöroloji,Ellerde karıncalanma
Nöroloji,Kulaklarımda çınlama
Nöroloji,Başımda baskı hissediyorum
Nöroloji,Sürekli mide bulantısı yaşıyorum
Nöroloji,Başımda ağrı
Nöroloji,Beyin fonksiyonlarımda sorun olduğunu düşünüyorum
Nöroloji,Beynimdeki ağrı şiddetlendi
Nöroloji,Görme bozukluğu yaşıyorum
Nöroloji,Ellerimde güçsüzlük
Nöroloji,Vücudumda garip bir uyuşma hissediyorum
Nöroloji,Uyandığımda başımda şiddetli bir ağrı
Nöroloji,Sürekli baş dönmesi yaşıyorum
Nöroloji,Yavaş düşünme ve hafıza kaybı yaşadım
Nöroloji,Gece uykusuzluk sorunum
Nöroloji,Hafıza kaybı problemi yaşıyorum
Nöroloji,Baş ağrılarımın nedeni nedir?
Nöroloji,Kulaklarımda sürekli uğultu
Nöroloji,Bir tür depresyon hissediyorum
Nöroloji,Sinirsel ağrılarım arttı
Nöroloji,Beyin sağlığım bozuk
Nöroloji,Baş dönmesi nedeniyle denge sorunu yaşıyorum
Nöroloji,Baş ağrımın nedeni stres olabilir mi?
Nöroloji,Beynimdeki ağrı şikayetim
Nöroloji,Nörolojik test istiyorum
Nöroloji,Ağrılarım nedeniyle konsantrasyon sorunu yaşıyorum
Nöroloji,Ellerimde uyuşma hissi
Nöroloji,Görme kaybı yaşıyorum
Nöroloji,Düşüncelerim karışıyor netleştiremiyorum
Nöroloji,Başımda basınç hissi
Nöroloji,Beynimdeki gerilim nedeniyle baş ağrım
Nöroloji,Düşünme hızım yavaşladı
Nöroloji,Beynimdeki ağrının geçmesini istiyorum
Nöroloji,Ellerimde titreme neden olabilir?
Nöroloji,Vücudumda uyuşma ve karıncalanma
Nöroloji,Sinirsel sıkıntılarım nedeniyle konsantrasyon kaybı yaşıyorum
Nöroloji,Zihinsel olarak yoruluyorum
Nöroloji,Baş dönmesi nedeniyle denge kaybı yaşıyorum
Nöroloji,Vücudumda anormal hisler
Nöroloji,Başımda karıncalanma hissediyorum
Nöroloji,Kafamda garip bir baskı
Nöroloji,Zihinsel olarak tükenmiş hissediyorum
Nöroloji,Başımda ağrı ve zonklama hissediyorum
Nöroloji,Gözlerimde bulanıklık görüyorum
Nöroloji,Beyin fonksiyonlarımda zayıflama hissediyorum
Kardiyoloji,Göğsümde sıkışma hissi
Kardiyoloji,Nefes darlığı yaşıyorum
Kardiyoloji,Kalbimde çarpıntı hissediyorum
Kardiyoloji,Göğsümde ağrı özellikle sol tarafımda
Kardiyoloji,Yorgunluk hissediyorum sürekli halsizim
Kardiyoloji,Bazen kalbim hızlı atıyor
Kardiyoloji,Nefes alırken zorlanıyorum
Kardiyoloji,Kalbimde ritim bozukluğu hissediyorum
Kardiyoloji,Göğsümde baskı sanki daralıyor
Kardiyoloji,Ağır bir fiziksel aktivite yapınca nefesim kesiliyor
Kardiyoloji,Sürekli yorgunum uykusuzluk
Kardiyoloji,Göğsümde arada bir ağrı hissediyorum
Kardiyoloji,Kalbimde düzensiz atışlar
Kardiyoloji,Sürekli öksürüğüm nefes almakta zorlanıyorum
Kardiyoloji,Ayaklarımda şişlik oluyor sebebini bilmiyorum
Kardiyoloji,Nefes darlığı nedeniyle gece uyuyamıyorum
Kardiyoloji,Göğsümde sıkışma hissi oluyor nefes alamıyorum
Kardiyoloji,Kalbimde ağrı sağ tarafta hissediyorum
Kardiyoloji,Fiziksel yorgunluk çok arttı nefesim yetmiyor
Kardiyoloji,Kalbimde bir tür basınç hissediyorum
Kardiyoloji,Bazen kalbim çok hızlı atıyor
Kardiyoloji,Göğsümde ağrı başladı
Kardiyoloji,Kalp atışlarım düzensizleşti
Kardiyoloji,Yürürken nefesim kesiliyor
Kardiyoloji,Ellerimde uyuşma ve soğukluk
Kardiyoloji,Baş dönmesi nedeniyle sık sık düşüyorum
Kardiyoloji,Göğsümde yanma hissediyorum
Kardiyoloji,Zaman zaman kalbimde çarpıntı oluyor
Kardiyoloji,Kalbim hızla atıyor endişeliyim
Kardiyoloji,Nefes almakta güçlük çekiyorum
Kardiyoloji,Göğsümde bir baskı nefes alamıyorum
Kardiyoloji,Kalp atışlarım bazen hızlanıyor bazen yavaşlıyor
Kardiyoloji,Bazen göğsümde keskin bir ağrı oluyor
Kardiyoloji,Ağır yemeklerden sonra nefes darlığı hissediyorum
Kardiyoloji,Yürürken aşırı yorgunluk hissediyorum
Kardiyoloji,Ağır egzersiz yaparken göğsümde ağrı oluyor
Kardiyoloji,Kalbimde ağrı ve baskı hissi
Kardiyoloji,Bazen nefesim yetmiyor bir şeyler oluyor
Kardiyoloji,Gece uykusuzluk nedeniyle kalbim hızlı atıyor
Kardiyoloji,Nefesim kesiliyor sanki göğsüm sıkışıyor
Kardiyoloji,Kısa mesafelerde bile nefes almakta zorlanıyorum
Kardiyoloji,Kalbimdeki ritim bozukluğu nedeniyle uyuyamıyorum
Kardiyoloji,Bazen ağrılarım kollara yayılıyor
Kardiyoloji,Göğsümde sıkışma acil müdahale gerekli mi?
Kardiyoloji,Kalp çarpıntısı nedeniyle endişeleniyorum
Kardiyoloji,Yürürken göğsümde ağrı hissediyorum
Kardiyoloji,Bazen gözlerimde bulanıklık görüyorum
Kardiyoloji,Ayaklarımda şişlik artıyor kalp problemi olabilir mi?
Kardiyoloji,Göğsümdeki ağrı çok şiddetli dayanılmaz
Kardiyoloji,Kalbimdeki çarpıntı
Kardiyoloji,Düzenli yürüyüş yapınca nefes almak zorlaşıyor
Kardiyoloji,Göğsümde ağrı hissediyorum nefes almakta zorlanıyorum
Kardiyoloji,Bazen kalbim hızlı çarpıyor ve çarpıntı hissediyorum
Kardiyoloji,Nefes almakta zorlanıyorum gece uykusuz kaldım
Kardiyoloji,Göğsümde baskı endişeleniyorum
Kardiyoloji,Fiziksel aktivite yapınca kalbim hızlanıyor
Kardiyoloji,Yüksek tansiyonum ara sıra baş dönmesi hissediyorum
Kardiyoloji,Kalbimde arada bir çarpıntı oluyor
Kardiyoloji,Nefes darlığı yaşadım çabuk yoruluyorum
Kardiyoloji,Geceleri kalbimde hızlı atışlar oluyor
Kardiyoloji,Ağır yemeklerden sonra kalbimde rahatsızlık hissediyorum
Kardiyoloji,Fiziksel yorgunluk nedeniyle sürekli halsiz hissediyorum
Kardiyoloji,Ağır yürüyüşler sırasında nefesim kesiliyor
Kardiyoloji,Göğsümde sanki sıkışma hissi nefes alamıyorum
Kardiyoloji,Yüksek sesle nefes alırken zorlanıyorum
Kardiyoloji,Ağır fiziksel aktiviteler sırasında kalbimde bir basınç hissediyorum
Kardiyoloji,Göğsümde şiddetli ağrı kalbim çarpıyor
Kardiyoloji,Yüksek tansiyon nedeniyle başım dönüyor
Kardiyoloji,Göğsümde bir daralma hissediyorum nefes almakta zorlanıyorum
Kardiyoloji,Bazen nefes almak çok zorlaşıyor panik hissi oluşturuyor
Kardiyoloji,Ayaklarımda şişlik uzun süre ayakta kaldım
Kardiyoloji,Hızlı koştuğumda nefes darlığı çekiyorum
Kardiyoloji,Bazen kalbimde düzensiz atışlar hissediyorum
Kardiyoloji,Nefes almada zorluk yaşıyorum kalbim çarpıyor
Kardiyoloji,Bazen öksürükle birlikte nefes almakta zorlanıyorum
Kardiyoloji,Kalbimde bir tür ağrı hissediyorum
Kardiyoloji,Yüksek tansiyonum nedeniyle başım ağrıyor ve bulanıklık görüyorum
Kardiyoloji,Yürürken zorlanıyorum bazen kalbimde ağrı oluyor
Kardiyoloji,Ağır yemeklerden sonra göğsümde baskı hissediyorum
Kardiyoloji,Kalbimde çarpıntı artıyor
Kardiyoloji,Gece boyunca kalbimde hızlı atışlar oluyor uyuyamıyorum
Kardiyoloji,Bazen göğsümde yanma hissediyorum nefes almak zorlaşıyor
Kardiyoloji,Sürekli yorgunum kalbimde bir rahatsızlık
Kardiyoloji,Nefes almak zorlaşıyor kalbimde sıkışma hissediyorum
Kardiyoloji,Başım dönüyor ve nefes almakta zorlanıyorum
Kardiyoloji,Kalbimde bazen hızlı atışlar oluyor kendimi kötü hissediyorum
Kardiyoloji,Ağır egzersiz yaparken kalbimde acı hissediyorum
Kardiyoloji,Bazen baş dönmesi ve halsizlik oluyor kalbim çarpıyor
Kardiyoloji,Kalbimde ritim bozukluğu bazen çarpıntı yapıyor
Kardiyoloji,Ayaklarımda şişlik artıyor acil bir durum olabilir mi?
Kardiyoloji,Yürürken zorlanıyorum kalbimde ağrı hissediyorum
Kardiyoloji,Göğsümde keskin bir ağrı oluyor bazen geçiyor
Kardiyoloji,Bazen çarpıntı nedeniyle çok endişeleniyorum
Kardiyoloji,Kalbimdeki ağrı zaman zaman sağ kola yayılıyor
Kardiyoloji,Nefesim kesiliyor ve kalbimde bir basınç hissediyorum
Kardiyoloji,Bazen kalbimde tıkanıklık hissediyorum
Kardiyoloji,Göğsümde acı çok yoğun hissediyorum
Kardiyoloji,Zaman zaman kalbimde ritim bozukluğu olduğunu hissediyorum
Kardiyoloji,Gece boyunca nefes darlığı yaşıyorum
Kardiyoloji,Göğsümdeki ağrı zaman zaman dayanılmaz hale geliyor
Kardiyoloji,Sürekli nefes darlığı hissediyorum çabuk yoruluyorum
Kardiyoloji,Baş dönmesi ve halsizlik ile birlikte nefes alırken zorlanıyorum
Dahiliye,Başım ağrıyor
Dahiliye,Mide bulantım
Dahiliye,Yorgunum
Dahiliye,Bazen mide ağrım oluyor
Dahiliye,Vücudumda halsizlik hissediyorum
Dahiliye,Baş dönmesi yaşıyorum
Dahiliye,Bazen nefes almakta zorlanıyorum
Dahiliye,Sürekli yorgunum
Dahiliye,Mide gazım
Dahiliye,Bazen uykusuzluk çekiyorum
Dahiliye,Bazen terleme oluyor
Dahiliye,Kaslarımda ağrı hissediyorum
Dahiliye,Daha fazla yemek yiyemiyorum
Dahiliye,Dışkımda değişiklik
Dahiliye,Sürekli susuyorum
Dahiliye,Bazen karnım ağrısı çekiyorum
Dahiliye,Vücudumda şişlik
Dahiliye,Yemek yerken zorlanıyorum
Dahiliye,Bazen öksürüyorum
Dahiliye,Sürekli uyumak istiyorum
Dahiliye,Sırtımda ağrı hissediyorum
Dahiliye,Bazen ateşim yükseliyor
Dahiliye,Vücudumda titreme
Dahiliye,Gözlerimde yanma hissediyorum
Dahiliye,karnım şişliği yaşıyorum
Dahiliye,Halsizlik hissediyorum
Dahiliye,Bazen nefesim kesiliyor
Dahiliye,Mide ekşimesi oluyor
Dahiliye,Bazen mide ağrısı çekiyorum
Dahiliye,İştahım kayboldu
Dahiliye,Çok su içiyorum
Dahiliye,Vücudumda ağrı
Dahiliye,Baş ağrım çok şiddetli
Dahiliye,Bazen gözlerimde bulanıklık oluyor
Dahiliye,Çok terliyorum
Dahiliye,karnım ağrım
Dahiliye,Bazen mide bulantısı oluyor
Dahiliye,Uyumakta zorlanıyorum
Dahiliye,Bazen gözlerimde ağrı hissediyorum
Dahiliye,Sürekli mide şişliği hissediyorum
Dahiliye,Ateşim düşük
Dahiliye,Bazen kulaklarımda uğultu oluyor
Dahiliye,Bazen karnım bölgemde ağrı oluyor
Dahiliye,Bazen sabahları başım dönüyor
Dahiliye,Bacaklarımda ağrı
Dahiliye,İştahsızlık çekiyorum
Dahiliye,Gözlerimde kuruluk hissediyorum
Dahiliye,Bazen kulaklarımda basınç hissediyorum
Dahiliye,Sürekli mide ekşimesi oluyor
Dahiliye,Bazen sırtımda ağrı oluyor
Dahiliye,Bacaklarımda şişlik hissediyorum
Dahiliye,Sürekli yorgun hissediyorum
Dahiliye,Midem şişiyor
Dahiliye,Bazen başımda zonklama oluyor
Dahiliye,Bacaklarımda kramp giriyor
Dahiliye,Bazen nefesim daralıyor
Dahiliye,Ateşim normalden yüksek
Dahiliye,karnım bölgemde şişlik
Dahiliye,Sürekli baş dönmesi yaşıyorum
Dahiliye,Bazen sırtımda gerginlik oluyor
Dahiliye,Vücudumda kaşıntı hissediyorum
Dahiliye,Gece terlemem artmış durumda
Dahiliye,Ağzımda acı bir tat
Dahiliye,Sürekli sinirlilik hali yaşıyorum
Dahiliye,Gözlerimde kızarıklık
Dahiliye,Bazen mide bulantısı oluyor
Dahiliye,Bacaklarımda uyuşma hissediyorum
Dahiliye,Çok fazla su içiyorum
Dahiliye,Bazen mide ekşimesi yaşıyorum
Dahiliye,Yemeklerden sonra şişkinlik hissediyorum
Dahiliye,Vücudumda sivilceler çıkmaya başladı
Dahiliye,İştahım çok azaldı
Dahiliye,Bazen karnım ağrısı oluyor
Dahiliye,Kendimi güçsüz hissediyorum
Dahiliye,Bazen kulaklarımda basınç hissediyorum
Dahiliye,Çok fazla terliyorum
Dahiliye,Gözlerimde yanma hissi
Dahiliye,karnım bölgemde ağrı
Dahiliye,Vücudumda ağrı hissediyorum
Dahiliye,Baş dönmesi yaşıyorum
Dahiliye,Sürekli halsizim
Dahiliye,Bazen gece terliyorum
Dahiliye,Bacaklarımda şişlik
Dahiliye,Mide bulantısı yaşıyorum
Dahiliye,Bazen başımda basınç hissediyorum
Dahiliye,Sürekli gaz çıkartıyorum
Dahiliye,Vücudumda karıncalanma hissediyorum
Dahiliye,Sürekli susuzluk hissediyorum
Dahiliye,Yemek sonrası hazımsızlık yaşıyorum
Dahiliye,Ağır bir şeyler yiyince mide ağrım oluyor
Dahiliye,Bazen gözlerimde bulanıklık oluyor
Dahiliye,Sürekli uykusuzluk yaşıyorum
Dahiliye,Bazen ellerimde titreme oluyor
Dahiliye,Mide asidim yüksek
Dahiliye,Bazen sırtımda kas ağrıları oluyor
Dahiliye,Bazen mide ağrılarım çok şiddetli
Dahiliye,Bacaklarımda şişlik ve ağrı
Dahiliye,Bazen çok yorgun hissediyorum
Dahiliye,Sürekli aç hissediyorum
Göz Hastalıkları,Gözlerimde kaşıntı
Göz Hastalıkları,Görme kaybı yaşıyorum
Göz Hastalıkları,Gözlerimde ağrı hissediyorum
Göz Hastalıkları,Görme bulanıklığı
Göz Hastalıkları,Gözlerimde kuruluk hissediyorum
Göz Hastalıkları,Gözlerimde ağrı
Göz Hastalıkları,Işığa karşı hassasiyetim arttı
Göz Hastalıkları,Gözlerimde kızarıklık oluştu
Göz Hastalıkları,Gece görüşümde zorluk çekiyorum
Göz Hastalıkları,Gözümde batma hissediyorum
Göz Hastalıkları,Görme yetim azalıyor
Göz Hastalıkları,Gözlerimde şişlik
Göz Hastalıkları,Baş ağrısı ile birlikte gözlerimde ağrı hissediyorum
Göz Hastalıkları,Gözlerde yanma hissediyorum
Göz Hastalıkları,Gözlerimdeki kırmızılık geçmiyor
Göz Hastalıkları,Gözlerde yanma ve batma oluyor
Göz Hastalıkları,Gözlerimde net göremiyorum
Göz Hastalıkları,Gözlerimde sisli bir görüntü
Göz Hastalıkları,Bazen gözlerimde bulanıklık oluyor
Göz Hastalıkları,Gözlerimde acı
Göz Hastalıkları,Bir gözümde görme kaybı
Göz Hastalıkları,Gözlerim çok sulanıyor
Göz Hastalıkları,Bir gözümde ağrı hissediyorum
Göz Hastalıkları,Işığa duyarlılığım arttı
Göz Hastalıkları,Gözlerimde kabarcıklar oluştu
Göz Hastalıkları,Gözlerimde sürekli sulanma
Göz Hastalıkları,Yüksek sesle gözlerim daha çok ağrıyor
Göz Hastalıkları,Bazen gözümde netlik kaybı oluyor
Göz Hastalıkları,Gözlerimdeki acı geçmiyor
Göz Hastalıkları,Görmem bulanıklaşıyor
Göz Hastalıkları,Gözlerimdeki ağrı zaman zaman şiddetleniyor
Göz Hastalıkları,Gözümde sürekli batma hissediyorum
Göz Hastalıkları,Gözlerimdeki kuru hissi geçmiyor
Göz Hastalıkları,Görmemde sorunlar yaşıyorum
Göz Hastalıkları,Gözlerimde ağrı hissi artıyor
Göz Hastalıkları,Işığa karşı hassasiyetim çok arttı
Göz Hastalıkları,Gözümde siyah noktalar görmeye başladım
Göz Hastalıkları,Gözlerimdeki kızarıklık geçmiyor
Göz Hastalıkları,Bazen gözümde ağrı oluyor
Göz Hastalıkları,Gözlerimde bulanıklık hissediyorum
Göz Hastalıkları,Bazen gözlerimde yanma oluyor
Göz Hastalıkları,Gözlerimdeki ağrı şiddetli
Göz Hastalıkları,Bazen gözlerimdeki görme kaybı artıyor
Göz Hastalıkları,Işığa bakarken zorlanıyorum
Göz Hastalıkları,Gözlerimdeki kuruluk hissi çok rahatsız edici
Göz Hastalıkları,Gözlerimde kaşıntı oluyor
Göz Hastalıkları,Gözlerimde bulanıklık ve netlik kaybı yaşıyorum
Göz Hastalıkları,Gözlerimde kanlanma
Göz Hastalıkları,Gözlerimde batma hissi hissediyorum
Göz Hastalıkları,Bazen gözlerimdeki ağrı dayanılmaz oluyor
Göz Hastalıkları,Görmemde ani değişiklikler hissediyorum
Göz Hastalıkları,Bazen gözümde netlik kaybı oluyor
Göz Hastalıkları,Gözlerimde batma ve kuruluk
Göz Hastalıkları,Gözlerimle ilgili şikayetim
Göz Hastalıkları,Gözlerimdeki ağrı geçmiyor
Göz Hastalıkları,Görmemde bozulmalar oluyor
Göz Hastalıkları,Gözlerim çok ağrıyor
Göz Hastalıkları,Işığa duyarlılığım arttı
Göz Hastalıkları,Gözlerimde sisli görme
Göz Hastalıkları,Gözlerimdeki şişlik artıyor
Göz Hastalıkları,Gözlerimdeki ağrı şiddetli oluyor
Göz Hastalıkları,Görme kaybı yaşıyorum zaman zaman
Göz Hastalıkları,Gözümde rahatsızlık hissediyorum
Göz Hastalıkları,Bazen gözlerimde acı oluyor
Göz Hastalıkları,Gözlerimde kuruluk ve batma
Göz Hastalıkları,Bazen gözümde kararma oluyor
Göz Hastalıkları,Gözlerimde ağrı artıyor
Göz Hastalıkları,Gözlerimde sulanma oluyor
Göz Hastalıkları,Gözlerimdeki kızarıklık artıyor
Göz Hastalıkları,Görmemde zorlanıyorum
Göz Hastalıkları,Gözlerimde kuruluk ve batma
Göz Hastalıkları,Bazen gözlerimde bulanıklık oluyor
Göz Hastalıkları,Gözümde ışık hassasiyeti artıyor
Göz Hastalıkları,Bazen gözlerimde siyah noktalar görmeye başlıyorum
Göz Hastalıkları,Gözlerimdeki ağrı dayanılmaz
Göz Hastalıkları,Gözlerimde batma ve yanma hissediyorum
Göz Hastalıkları,Gözlerimde bulanık görme oluyor
Göz Hastalıkları,Bazen gözlerimde netlik kaybı oluyor
Göz Hastalıkları,Gözlerimdeki ağrı devam ediyor
Göz Hastalıkları,Görme kaybım arttı
Göz Hastalıkları,Gözlerimdeki ağrı şiddetli
Göz Hastalıkları,Bazen gözlerimde kaşıntı oluyor
Göz Hastalıkları,Bazen gözümde ağrı oluyor
Göz Hastalıkları,Gözlerimde bulanıklık görüyorum
Göz Hastalıkları,Gözlerimdeki kuruluk çok fazla
Göz Hastalıkları,Gözlerimdeki ağrı geçmiyor
Göz Hastalıkları,Gözlerimde sürekli kaşıntı
Göz Hastalıkları,Bazen gözlerimde bulanıklık oluyor
Göz Hastalıkları,Gözlerimde acı hissediyorum
Göz Hastalıkları,Bazen gözlerimde rahatsızlık oluyor
Göz Hastalıkları,Gözlerimdeki acı arttı
Göz Hastalıkları,Gözlerimde kuruluk ve yanma
Göz Hastalıkları,Bazen gözlerimde kararma oluyor
Göz Hastalıkları,Gözlerimdeki ağrı dayanılmaz
Göz Hastalıkları,Gözlerimdeki ağrı şiddetli
Göz Hastalıkları,Gözlerimde netlik kaybı
Göz Hastalıkları,Gözlerimde ağrı ve kuruluk hissediyorum
Göz Hastalıkları,Bazen gözlerimde kararma oluyor
Göz Hastalıkları,Gözlerimde kaşıntı
Göz Hastalıkları,Gözlerimde ağrı ve sulanma
Göz Hastalıkları,Bazen gözümde bulanıklık oluyor
Göz Hastalıkları,Gözlerimde kuruluk hissediyorum
Göz Hastalıkları,Bazen gözlerimde yanma oluyor
Psikiyatri,Depresyon hissediyorum
Psikiyatri,Kendimi yalnız hissediyorum
Psikiyatri,Sürekli stres altındayım
Psikiyatri,Endişe seviyem çok yüksek
Psikiyatri,Kendimi umutsuz hissediyorum
Psikiyatri,Sosyal durumlarda zorlanıyorum
Psikiyatri,Bir şeylere odaklanmakta güçlük çekiyorum
Psikiyatri,Bazen kendimi değersiz hissediyorum
Psikiyatri,Sürekli kaygılıyım
Psikiyatri,Kendimi çaresiz hissediyorum
Psikiyatri,Sürekli depresif ruh halindeyim
Psikiyatri,Açıkça korkularım
Psikiyatri,Kendimi mutsuz hissediyorum
Psikiyatri,Çok çabuk sinirleniyorum
Psikiyatri,İçimde boşluk hissi
Psikiyatri,Kendimi fazlasıyla üzgün hissediyorum
Psikiyatri,Bazen çok üzülüyorum
Psikiyatri,Sürekli olumsuz düşüncelerim
Psikiyatri,Uykusuzluktan şikayetçiyim
Psikiyatri,Her şeyden korkuyorum
Psikiyatri,Sosyal etkileşimlerde zorlanıyorum
Psikiyatri,Hayata karşı ilgimi kaybettim
Psikiyatri,Bazen kendimi kaybolmuş gibi hissediyorum
Psikiyatri,İçimde bir boşluk
Psikiyatri,Konsantrasyonum çok zayıf
Psikiyatri,Gelecek hakkında endişelerim
Psikiyatri,Bazen anksiyete krizleri geçiriyorum
Psikiyatri,Sürekli olarak yorgun hissediyorum
Psikiyatri,Hayattan zevk almıyorum
Psikiyatri,Bazen başımın karıştığını hissediyorum
Psikiyatri,Bir şeylere karar vermekte zorlanıyorum
Psikiyatri,Bazen çok kaygılı oluyorum
Psikiyatri,Sosyal durumlarda rahat hissedemiyorum
Psikiyatri,Sürekli üzülüyorum
Psikiyatri,Kendimi anlamıyorum
Psikiyatri,Bazen aşırı sinirli oluyorum
Psikiyatri,Huzursuz hissediyorum
Psikiyatri,Düşüncelerim birbirine karışıyor
Psikiyatri,Kendimi stresli hissediyorum
Psikiyatri,Bazen her şeyin kontrolünü kaybediyorum
Psikiyatri,Kendimi değersiz hissediyorum
Psikiyatri,Bazen hayattan kaçmak istiyorum
Psikiyatri,Kendimi içe kapanmış gibi hissediyorum
Psikiyatri,Daha çok yalnız kalmak istiyorum
Psikiyatri,Başımda sürekli yoğun düşünceler
Psikiyatri,Sürekli huzursuz hissediyorum
Psikiyatri,Bazen durduk yere ağlıyorum
Psikiyatri,Kendimi kimseyle paylaşamıyorum
Psikiyatri,Çok karamsar hissediyorum
Psikiyatri,Bazen çok sinirli oluyorum
Psikiyatri,Kendimi aşırı tedirgin hissediyorum
Psikiyatri,Bazen kendimi kaybolmuş hissediyorum
Psikiyatri,Sürekli bir boşluk içinde
Psikiyatri,Bazen hiç bir şey yapmak istemiyorum
Psikiyatri,Sosyal ortamlardan kaçıyorum
Psikiyatri,Bazen her şey çok karmaşık geliyor
Psikiyatri,Kendimi her şeyden uzak hissediyorum
Psikiyatri,Kendimi tükenmiş hissediyorum
Psikiyatri,Bazen iştahım kayboluyor
Psikiyatri,Bir şeylere odaklanmak çok zor
Psikiyatri,Bazen kendimi çok yalnız hissediyorum
Psikiyatri,Sürekli karamsar düşünüyorum
Psikiyatri,Günlük işleri yapmakta zorlanıyorum
Psikiyatri,Bazen çok korkuyorum
Psikiyatri,Kendimi aşırı gergin hissediyorum
Psikiyatri,Her şeyin kötü olacağını düşünüyorum
Psikiyatri,Bir şeyler doğru gitmiyor gibi hissediyorum
Psikiyatri,Sürekli bir kaygı
Psikiyatri,Çok sık depresif hissediyorum
Psikiyatri,Bazen içimde bir sıkıntı hissediyorum
Psikiyatri,Kendimi güçsüz hissediyorum
Psikiyatri,Hayatımda hiçbir şey yolunda gitmiyor
Psikiyatri,Çok fazla endişeliyim
Psikiyatri,Bazen kendimi kaybolmuş gibi hissediyorum
Psikiyatri,Kendimi tedirgin hissediyorum
Psikiyatri,Bazen her şey çok karamsar geliyor
Psikiyatri,Sosyal aktivitelerden kaçıyorum
Psikiyatri,Kendimi çok stresli hissediyorum
Psikiyatri,Bazen uyumakta zorlanıyorum
Psikiyatri,Sürekli olarak kötü düşüncelerim
Psikiyatri,Bazen aşırı kaygılı oluyorum
Psikiyatri,Hayatımın kontrolünü kaybettim
Psikiyatri,Güven duygum yok
Psikiyatri,Bazen kendimi tükenmiş hissediyorum
Psikiyatri,Bazen her şeyden çok yoruluyorum
Psikiyatri,Bazen hiçbir şey yapmak istemiyorum
Psikiyatri,Hayatımda hiçbir şeyin anlamı yokmuş gibi hissediyorum
Psikiyatri,Günlük rutinimi yerine getirmekte zorlanıyorum
Psikiyatri,Bazen hayattan keyif almak zor oluyor
Psikiyatri,Kendimi sıkışmış gibi hissediyorum
Psikiyatri,Bazen kendimi gerçekten kötü hissediyorum
Psikiyatri,Bir şeylere karar veremiyorum
Psikiyatri,Her şey çok karmaşık ve zor geliyor
Psikiyatri,Kendimi kaybolmuş hissediyorum
Psikiyatri,Bazen hayatımı sorguluyorum
Psikiyatri,Her şey bana karamsar görünüyor
Psikiyatri,Bazen her şey çok ağır geliyor
Psikiyatri,Bazen duygusal olarak çökmüş hissediyorum
Psikiyatri,Günlük işlerle ilgili motivasyonum yok
Psikiyatri,Bazen hep kaygılı hissediyorum
Psikiyatri,Bazen kendimi depresif hissediyorum
Psikiyatri,Bir şeylere odaklanmakta zorlanıyorum
Diş Hekimliği,Dişimde ağrı
Diş Hekimliği,Diş etlerim şişti
Diş Hekimliği,Dişlerim hassas
Diş Hekimliği,Dişimde çürük
Diş Hekimliği,Dişimi soğuk ya da sıcak yiyeceklerle hissediyorum
Diş Hekimliği,Dişlerim sararmış
Diş Hekimliği,Diş eti kanaması yaşıyorum
Diş Hekimliği,Dişimde kırık
Diş Hekimliği,Ağzımda kötü koku
Diş Hekimliği,Dişim sızlıyor
Diş Hekimliği,Dişlerimde gevşeme hissediyorum
Diş Hekimliği,Dişimde çatlak
Diş Hekimliği,Ağzımda yaralar
Diş Hekimliği,Dişlerim kötü kokuyor
Diş Hekimliği,Dişlerimde hassasiyet
Diş Hekimliği,Diş etlerim kanıyor
Diş Hekimliği,Dişlerim sararmış
Diş Hekimliği,Dişim ağrıyor
Diş Hekimliği,Diş etlerimde şişlik
Diş Hekimliği,Dişimde boşluk
Diş Hekimliği,Dişimde acı hissediyorum
Diş Hekimliği,Diş etlerimde kanama oluyor
Diş Hekimliği,Ağzımda kötü tat
Diş Hekimliği,Dişim ağrıyor
Diş Hekimliği,Dişimde hassasiyet hissediyorum
Diş Hekimliği,Dişlerimde şişlik
Diş Hekimliği,Dişim çatladı
Diş Hekimliği,Diş etim şişti
Diş Hekimliği,Dişimde iltihap
Diş Hekimliği,Ağzımda yara oluştu
Diş Hekimliği,Dişlerimde etrafında şişlik
Diş Hekimliği,Dişimde soğuk hissediyorum
Diş Hekimliği,Ağzımda kanama oluyor
Diş Hekimliği,Dişlerim sızlıyor
Diş Hekimliği,Dişimde dondurma yerken ağrı hissediyorum
Diş Hekimliği,Diş etim ağrıyor
Diş Hekimliği,Ağzımda kötü koku
Diş Hekimliği,Dişimde sıcak yemek yerken acı hissediyorum
Diş Hekimliği,Diş etlerim iltihaplı
Diş Hekimliği,Dişimde soğuk yiyecekleri hissediyorum
Diş Hekimliği,Dişimde ağrı şiddetli
Diş Hekimliği,Dişimde büyük bir çürük
Diş Hekimliği,Diş etlerimde kanama oluyor
Diş Hekimliği,Dişimde yara
Diş Hekimliği,Dişim kırıldı
Diş Hekimliği,Dişimde dolgulu alan ağrıyor
Diş Hekimliği,Diş etimde şişlik
Diş Hekimliği,Dişimde yoğun ağrı
Diş Hekimliği,Ağzımda iltihap
Diş Hekimliği,Dişlerim lekelenmiş
Diş Hekimliği,Diş etlerimde iltihap
Diş Hekimliği,Dişimde büyük bir ağrı
Diş Hekimliği,Diş etim kanıyor
Diş Hekimliği,Dişimde çatlama
Diş Hekimliği,Diş etim iltihaplı
Diş Hekimliği,Dişimde sıcak içeceklerle ağrı
Diş Hekimliği,Dişimdeki çürük büyüdü
Diş Hekimliği,Diş etlerim ağrıyor
Diş Hekimliği,Dişimde kırılma hissi
Diş Hekimliği,Dişimde iltihap
Diş Hekimliği,Dişlerimle ilgili rahatsızlık hissediyorum
Diş Hekimliği,Ağzımda iltihap oluştu
Diş Hekimliği,Diş etlerim kanıyor
Diş Hekimliği,Dişimde sızı
Diş Hekimliği,Dişimde iltihaplı bölge
Diş Hekimliği,Dişlerimde duyarlılık hissediyorum
Diş Hekimliği,Dişimde yaralanma
Diş Hekimliği,Dişimde sertlik
Diş Hekimliği,Dişlerim kırık
Diş Hekimliği,Ağzımda acı
Diş Hekimliği,Dişimde uyuşma hissediyorum
Diş Hekimliği,Diş etim kanıyor
Diş Hekimliği,Dişim sızlıyor
Diş Hekimliği,Dişimde çatlama hissediyorum
Diş Hekimliği,Diş etim şişti
Diş Hekimliği,Dişimde dolgudan dolayı rahatsızlık
Diş Hekimliği,Dişimde boşluk
Diş Hekimliği,Dişimde hassasiyet hissediyorum
Diş Hekimliği,Dişim ağrıyor
Diş Hekimliği,Dişlerim hassas
Diş Hekimliği,Dişimde ağrı
Diş Hekimliği,Diş etlerimde kanama
Diş Hekimliği,Dişimde çatlak
Diş Hekimliği,Dişim sızlıyor
Diş Hekimliği,Dişlerim ağrıyor
Diş Hekimliği,Dişimde bir çürük
Diş Hekimliği,Dişlerim sararmış
Diş Hekimliği,Dişimde aşırı hassasiyet
Diş Hekimliği,Diş etlerimde şişlik
Diş Hekimliği,Dişimde hassasiyet artıyor
Diş Hekimliği,Dişimde sıcak soğuk acı yapıyor
Diş Hekimliği,Dişlerim ağrıyor
Diş Hekimliği,Dişimde sertlik hissediyorum
KBB,Kulaklarımda ağrı
KBB,Boğazımda kaşıntı hissediyorum
KBB,Burun tıkanıklığım
KBB,Kulaklarımda uğultu
KBB,Boğazımda yanma hissediyorum
KBB,Burun akıntım çok fazla
KBB,Kulaklarımda basınç hissediyorum
KBB,Boğazımda iltihap olduğunu düşünüyorum
KBB,Burun kanamam oluyor
KBB,Kulaklarımda ağrı ve basınç
KBB,Boğazımda şişlik
KBB,Burunumdan kötü kokular geliyor
KBB,Kulaklarımda duyma kaybı yaşadım
KBB,Boğazımda sürekli gıcık
KBB,Burnumda kaşıntı hissediyorum
KBB,Kulaklarımda ses kaybı oldu
KBB,Boğazımda tıkanıklık hissediyorum
KBB,Burun tıkanıklığı uykusuzluğa neden oluyor
KBB,Kulaklarımda ağrı devam ediyor
KBB,Boğazımda iltihap
KBB,Burnumdan kanama oldu
KBB,Kulaklarımda sürekli kaşınma
KBB,Boğazımda kuru hissettim
KBB,Burun kanaması sıklaşıyor
KBB,Kulaklarımda baskı
KBB,Boğazımda şişlik hissediyorum
KBB,Burnumda tıkanıklık
KBB,Kulaklarımda sızı
KBB,Boğazımda ağrı devam ediyor
KBB,Burnumda iltihap
KBB,Kulaklarımda geçmeyen bir ağrı
KBB,Boğazımda gıcık hissediyorum
KBB,Burnumda enfeksiyon
KBB,Kulaklarımda duyma zorluğu
KBB,Boğazımda şişlik ve ağrı
KBB,Burnum tıkanıyor
KBB,Kulaklarımda yankı hissediyorum
KBB,Boğazımda sürekli öksürük
KBB,Burnumda çok fazla akıntı
KBB,Kulaklarımda ağrı ve iltihap
KBB,Boğazımda batma hissediyorum
KBB,Burnumda kaşıntı
KBB,Kulaklarımda kulaklık takarken ağrı oluyor
KBB,Boğazımda balgam
KBB,Burnumda kuruluk hissediyorum
KBB,Kulaklarımda aşırı hassasiyet
KBB,Boğazımda sürekli ağrı oluyor
KBB,Burnumda kaşınma
KBB,Kulaklarımda uğuldamalar
KBB,Boğazımda yabancı cisim hissediyorum
KBB,Burunumda iltihap
KBB,Kulaklarımda ağrı ve basınç hissediyorum
KBB,Boğazımda ağrı çok şiddetli
KBB,Burnumda tıkanıklık nefes almakta zorlanıyorum
KBB,Kulaklarımda ses geliyor
KBB,Boğazımda iltihap oldu
KBB,Burnumda enfeksiyon belirtileri
KBB,Kulaklarımda kaşınma ve ağrı
KBB,Boğazımda şişlik yutkunmakta zorlanıyorum
KBB,Burnumdan kötü kokular geliyor
KBB,Kulaklarımda kulaklık kullanırken ağrı oldu
KBB,Boğazımda sızıntı
KBB,Burunum tıkalı ve zor nefes alıyorum
KBB,Kulaklarımda ses kaybı oldu
KBB,Boğazımda gıcık hissi
KBB,Burunumda kaşıntı oluyor
KBB,Kulaklarımda ağrı hissediyorum
KBB,Boğazımda gıdıklanma
KBB,Burnumda tıkanıklık şiddetli
KBB,Kulaklarımda geçmeyen bir ağrı
KBB,Boğazımda bir şey takılı kalmış gibi hissediyorum
KBB,Burnumda akıntı
KBB,Kulaklarımda uğuldamalar çok sık
KBB,Boğazımda şişlik ve ağrıyor
KBB,Burnumda çok fazla tıkanıklık
KBB,Kulaklarımda yoğun ağrı
KBB,Boğazımda batma hissediyorum
KBB,Burnumda şişlik
KBB,Kulaklarımda basınç hissediyorum
KBB,Boğazımda kuruluk
KBB,Burnumda tıkanıklık oluyor
KBB,Kulaklarımda aşırı hassasiyet
KBB,Boğazımda ağrı şiddetli
KBB,Burnumda kanama oldu
KBB,Kulaklarımda ağrı yapıyor
KBB,Boğazımda balgam birikiyor
KBB,Burnumda iltihap oldu
KBB,Kulaklarımda kaşınma oluyor
KBB,Boğazımda ağrı çok şiddetli
KBB,Burnumda enfeksiyon belirtisi
KBB,Kulaklarımda batma hissediyorum
KBB,Boğazımda şişlik iltihaplı
KBB,Burnumda tıkanıklık oluyor nefes almak zor
KBB,Kulaklarımda ağrı geçmiyor
KBB,Boğazımda öksürük oluyor
KBB,Burnumda aşırı akıntı
KBB,Kulaklarımda baskı
KBB,Boğazımda enfeksiyon belirtileri
KBB,Burunumda iltihap şişlik oluyor
KBB,Kulaklarımda çok fazla basınç hissediyorum
KBB,Boğazımda gıcık hissi
KBB,Burunumda çok fazla kaşıntı
KBB,Kulaklarımda uğuldamalar artmış
KBB,Boğazımda ağrı oluyor geçmiyor
KBB,Burunumda sürekli kanama oluyor
KBB,Kulaklarımda duyma kaybı oldu
KBB,Boğazımda sızı
KBB,Burnumda şişlik ve ağrı
KBB,Kulaklarımda tıkanıklık
Ortopedi,elim kırıldı
Ortopedi,Omzum çıktı galiba
Ortopedi,Kalçamda bir ağrı var
Ortopedi,Bacağım kırıldı
Ortopedi,Kolum çıktı
Ortopedi,Kolum kırıldı
Ortopedi,Bacaklarımda ağrı
Ortopedi,Kollarımda güçsüzlük hissediyorum
Ortopedi,Omzumda sertlik
Ortopedi,Belimde ağrı hissediyorum
Ortopedi,Dizimde şişlik
Ortopedi,Ayak parmaklarımda uyuşma
Ortopedi,Ellerimde ağrı hissediyorum
Ortopedi,Kollarımda kramp oluyor
Ortopedi,Belde sürekli yanma hissediyorum
Ortopedi,Dizimde ağrı yürürken zorlanıyorum
Ortopedi,Boynumda ağrı hissediyorum
Ortopedi,Sırtımda kasılma
Ortopedi,Ayaklarımda şişlik
Ortopedi,Kalçamda ağrı
Ortopedi,Belde hareket etmekte zorlanıyorum
Ortopedi,Omuzumda ağrı
Ortopedi,Dizimde sertlik hissediyorum
Ortopedi,Ellerimde güçsüzlük
Ortopedi,Ayaklarımda ağrı uzun süre ayakta durmak zor
Ortopedi,Boynumda ağrı dönmekte zorlanıyorum
Ortopedi,Omzumda hareket kısıtlılığı
Ortopedi,Kalçamda ağrı ve hareket zorluğu
Ortopedi,Kollarımda uyuşma
Ortopedi,Belimde zorlanma hissediyorum
Ortopedi,Ayak parmaklarımda hissizlik
Ortopedi,Dizimde ağrı basınca duyarlı
Ortopedi,Sırtımda sürekli ağrı
Ortopedi,Bacaklarımda şişlik oluyor
Ortopedi,Omuzlarımda gerginlik hissediyorum
Ortopedi,Ayaklarımda yorgunluk hissediyorum
Ortopedi,Kalçalarımda ağrı
Ortopedi,Boynumda sürekli sertlik
Ortopedi,Belde ağrı oturmakta zorlanıyorum
Ortopedi,Kollarımda titreme
Ortopedi,Dizlerimde ağrı ve şişlik
Ortopedi,Ayaklarımda kramp oluyor
Ortopedi,Omuzumda ağrı kolumu kaldırmakta zorlanıyorum
Ortopedi,Sırtımda sürekli gerginlik
Ortopedi,Kalçamda zorlanma hissediyorum
Ortopedi,Belde ağrı hissediyorum kalkmak zor
Ortopedi,Ellerimde uyuşma
Ortopedi,Ayaklarımda ağrı yürüyemiyorum
Ortopedi,Boynumda ağrı başımı çeviremiyorum
Ortopedi,Omuzlarımda sertlik hissediyorum
Ortopedi,Dizimde şişlik ağrı yapıyor
Ortopedi,Bacaklarımda ağrı gece uyanıyorum
Ortopedi,Sırtımda kasılma
Ortopedi,Ayaklarımda uyuşma
Ortopedi,Kalçamda ağrı oturmak zor
Ortopedi,Belimde sürekli ağrı
Ortopedi,Ellerimde ağrı ve uyuşma
Ortopedi,Belde ağrı oluyor hareket edemiyorum
Ortopedi,Ayaklarımda şişlik basınca duyarlı
Ortopedi,Omuzumda ağrı yavaş hareket ediyorum
Ortopedi,Kollarımda güç kaybı
Ortopedi,Dizimde takılma hissediyorum
Ortopedi,Boynumda gerginlik
Ortopedi,Sırtımda ağrı düz duramıyorum
Ortopedi,Ayak parmaklarımda uyuşma his kaybı yaşıyorum
Ortopedi,Omuzumda ağrı hareketim kısıtlı
Ortopedi,Bacaklarımda şişlik acı yapıyor
Ortopedi,Kalçamda sıkışma hissediyorum
Ortopedi,Belimde ağrı eğilmek zor
Ortopedi,Kollarımda ağrı özellikle dirsek bölgesinde
Ortopedi,Sırtımda ağrı derin nefes alırken zorlanıyorum
Ortopedi,Ayaklarımda ağrı yürüyemiyorum
Ortopedi,Boynumda ağrı özellikle gece
Ortopedi,Omuzumda kuvvet kaybı hissediyorum
Ortopedi,Dizimde şişlik hareket etmekte zorlanıyorum
Ortopedi,Ellerimde kuvvet kaybı
Ortopedi,Ayaklarımda şişlik adım atmak zor
Ortopedi,Kalçamda ağrı oturmakta zorlanıyorum
Ortopedi,Belde ağrı sabahları daha fazla
Ortopedi,Sırtımda sürekli sertlik
Ortopedi,Ayak parmaklarımda uyuşma zor hareket ediyorum
Ortopedi,Omuzumda batma hissi
Ortopedi,Dizimde iltihap şişlik yapıyor
Ortopedi,Bacaklarımda kramp oluyor
Ortopedi,Sırtımda ağrı sıklıkla oluyor
Ortopedi,Ayaklarımda şişlik ve ağrı
Ortopedi,Kalçamda ağrı merdiven çıkarken zorlanıyorum
Ortopedi,Boynumda sertlik hareketlerim kısıtlı
Ortopedi,Omuzumda ağrı gece daha fazla
Ortopedi,Dizimde şişlik yürürken acı veriyor
Ortopedi,Bacaklarımda ağrı özellikle gece
Ortopedi,Sırtımda sıkışma hissediyorum
Ortopedi,Ayaklarımda ağrı ayakta durmakta zorlanıyorum
Ortopedi,Kalçamda ağrı uzun süre oturamıyorum
Ortopedi,Belimde sürekli ağrı eğilmekte zorlanıyorum
Ortopedi,Kollarımda güç kaybı zor kalkıyorum
Ortopedi,Sırtımda sertlik düz durmak zor
Ortopedi,Ayaklarımda uyuşma yürüyemiyorum
Ortopedi,Boynumda ağrı hareket etmek zor
Ortopedi,Omuzumda ağrı başımı çeviremiyorum
Ortopedi,Dizimde ağrı oturmakta zorlanıyorum
Ortopedi,Bacaklarımda şişlik acı yapıyor
Ortopedi,Sırtımda kasılma sıklıkla ağrı oluyor
Ortopedi,Ayaklarımda ağrı uzun süre yürüyemiyorum
Ortopedi,Kalçamda ağrı basınca duyarlı
Ortopedi,Belimde ağrı ağır kaldırmak zor
Ortopedi,Ellerimde ağrı ve güçsüzlük
Ortopedi,Kollarımda ağrı dirseklerimde zorlanma hissediyorum
Ortopedi,Sırtımda ağrı bazen nefes almakta zorlanıyorum
Ortopedi,Ayaklarımda şişlik rahat edemiyorum
Ortopedi,Kalçamda ağrı basınca duyarlı
Ortopedi,Boynumda gerginlik zor hareket ediyorum
Üroloji,İdrar yaparken yanma hissediyorum
Üroloji,Sık sık idrara çıkıyorum
Üroloji,İdrarımda kan görüyorum
Üroloji,Mesanemde ağrı
Üroloji,İdrarımı tutamıyorum
Üroloji,İdrar yaparken zorlanıyorum
Üroloji,Gece sık sık idrara kalkıyorum
Üroloji,İdrar yaparken acı hissediyorum
Üroloji,Mesanemde sürekli doluluk hissi
Üroloji,Penisimde ağrı
Üroloji,Testislerimde ağrı hissediyorum
Üroloji,İdrarımda kötü koku
Üroloji,Mesanemde baskı hissi yaşıyorum
Üroloji,Prostat bölgemde rahatsızlık hissediyorum
Üroloji,İdrar yaptıktan sonra tam boşalamıyorum
Üroloji,Cinsel isteksizlik yaşıyorum
Üroloji,İdrar rengim çok koyu
Üroloji,İdrar yaparken yanma ve batma hissi
Üroloji,İdrarımı yapamıyorum tıkanma hissi
Üroloji,Penis ucunda ağrı hissediyorum
Üroloji,Mesanemde sıkışma hissi
Üroloji,İdrar yaparken ağrım artıyor
Üroloji,Gece idrara kalkma sıklığım arttı
Üroloji,Testislerimde şişlik
Üroloji,İdrar yaparken kesinti oluyor
Üroloji,Mesanemde sürekli ağrı
Üroloji,Penisimde hassasiyet hissediyorum
Üroloji,Cinsel ilişki sırasında ağrı hissediyorum
Üroloji,Prostat muayenesi gerektiğini düşünüyorum
Üroloji,İdrar yaparken yanma ve sık idrara çıkma
Üroloji,Mesanemde baskı hissi
Üroloji,Testislerde ele gelen kitle
Üroloji,İdrarım çok az miktarda geliyor
Üroloji,Gece idrara kalktığımda zorlanıyorum
Üroloji,İdrar yaptıktan sonra ağrım oluyor
Üroloji,Penisimde şişlik
Üroloji,Cinsel ilişki sırasında sertleşme problemi yaşıyorum
Üroloji,İdrar yaparken tazyik çok düşük
Üroloji,Mesanemde rahatsızlık hissi
Üroloji,Testislerde ağrı ve hassasiyet hissediyorum
Üroloji,İdrarımda bulanıklık
Üroloji,Penis ucunda kızarıklık oluştu
Üroloji,Mesanemde sürekli bir doluluk hissi
Üroloji,Gece sık sık idrara çıkma yaşıyorum
Üroloji,Testislerimde sürekli bir ağrı
Üroloji,İdrar yaparken sızı hissediyorum
Üroloji,İdrar tazyikim çok zayıf
Üroloji,Penis ucunda yara oluştu
Üroloji,Mesanemde doluluk hissi geçmiyor
Üroloji,Cinsel ilişki sırasında ağrı hissediyorum
Üroloji,Prostat bölgemde rahatsızlık hissi
Üroloji,İdrar yaparken kesilme oluyor
Üroloji,Testislerimde ele gelen şişlik
Üroloji,İdrarım kötü kokuyor
Üroloji,Penis ucunda kaşıntı
Üroloji,Mesanemde sürekli baskı hissediyorum
Üroloji,İdrar yaparken zorlanıyorum ve ağrı hissediyorum
Üroloji,Gece idrara kalkma sıklığım arttı
Üroloji,Testislerimde hassasiyet ve ağrı
Üroloji,İdrarımda kan
Üroloji,Penis ucunda yanma hissediyorum
Üroloji,Mesanemde sürekli rahatsızlık hissediyorum
Üroloji,İdrar yaptıktan sonra tamamen boşalmadığımı hissediyorum
Üroloji,Prostat bölgemde ağrı hissediyorum
Üroloji,Testislerimde batma hissi
Üroloji,Penisimde ağrı ve şişlik
Üroloji,İdrarım bulanık geliyor
Üroloji,Mesanemde ağrı ve baskı hissediyorum
Üroloji,Gece idrara çıkmam arttı
Üroloji,Testislerde ağrı ve şişlik hissediyorum
Üroloji,Cinsel ilişki sırasında ağrı hissediyorum
Üroloji,Prostat muayenesine ihtiyaç duyuyorum
Üroloji,Penis ucunda yara oluştu
Üroloji,Mesanemde doluluk hissi rahatsız ediyor
Üroloji,İdrar yaparken zorlanıyorum tıkanma hissi
Üroloji,Gece sık sık idrara kalkıyorum
Üroloji,Testislerimde rahatsızlık hissi
Üroloji,Penisimde hassasiyet oluştu
Üroloji,Mesanemde baskı hissediyorum rahat değilim
Üroloji,Prostat bölgemde rahatsızlık hissediyorum
Üroloji,Cinsel ilişki sırasında sertleşme problemi yaşıyorum
Üroloji,İdrarımda kötü koku rahatsız edici
Üroloji,Testislerde ağrı özellikle sağ tarafta
Üroloji,Penis ucunda yanma ve sızı
Üroloji,Mesanemde sürekli ağrı hissediyorum
Üroloji,İdrarımda kan görüyorum endişeliyim
Üroloji,Gece idrara kalkma sıklığım çok fazla
Üroloji,Testislerde ele gelen kitle ağrılı
Üroloji,İdrar yaparken çok acı çekiyorum
Üroloji,Penisimde kızarıklık ve şişlik
Üroloji,Mesanemde rahatsızlık ve ağrı hissi yaşıyorum
Üroloji,Cinsel ilişki sırasında ağrı hissediyorum
Göğüs Hastalıkları,Nefes alırken zorlanıyorum
Göğüs Hastalıkları,Sürekli öksürüyorum
Göğüs Hastalıkları,Göğsümde ağrı
Göğüs Hastalıkları,Nefes alırken hırıltı duyuyorum
Göğüs Hastalıkları,Gece öksürüğüm artıyor
Göğüs Hastalıkları,Nefes darlığı yaşıyorum
Göğüs Hastalıkları,Göğsümde sıkışma hissi
Göğüs Hastalıkları,Balgam çıkaramıyorum
Göğüs Hastalıkları,Nefes alırken göğsümde batma hissediyorum
Göğüs Hastalıkları,Çok çabuk yoruluyorum
Göğüs Hastalıkları,ciğerim ağrıyor
Göğüs Hastalıkları,Göğsümde baskı hissi
Göğüs Hastalıkları,Öksürükle birlikte balgam çıkarıyorum
Göğüs Hastalıkları,Sürekli nefes alma ihtiyacı hissediyorum
Göğüs Hastalıkları,Hapşırırken göğsüm ağrıyor
Göğüs Hastalıkları,Nefes alıp verirken zorlanıyorum
Göğüs Hastalıkları,Göğsümde yanma hissi
Göğüs Hastalıkları,Sabahları balgam çıkarıyorum
Göğüs Hastalıkları,Nefes alırken kesilme oluyor
Göğüs Hastalıkları,Derin nefes alınca göğsümde ağrı hissediyorum
Göğüs Hastalıkları,Öksürükle beraber göğsüm ağrıyor
Göğüs Hastalıkları,Nefes alırken ses çıkıyor
Göğüs Hastalıkları,Göğsümde daralma hissi yaşıyorum
Göğüs Hastalıkları,Gece nefes almakta zorlanıyorum
Göğüs Hastalıkları,Göğsümde gerginlik hissi
Göğüs Hastalıkları,Nefes alırken sırtıma ağrı vuruyor
Göğüs Hastalıkları,Solunumum hızlı ve düzensiz
Göğüs Hastalıkları,Hırıltılı nefes alıyorum
Göğüs Hastalıkları,Göğsümde sürekli rahatsızlık hissi
Göğüs Hastalıkları,Sürekli kuru öksürük yaşıyorum
Göğüs Hastalıkları,Derin nefes almakta zorlanıyorum
Göğüs Hastalıkları,Balgamım yeşil renkli
Göğüs Hastalıkları,Göğsümde ağırlık hissediyorum
Göğüs Hastalıkları,Nefes alırken ağrı hissediyorum
Göğüs Hastalıkları,Gece uyurken nefesim kesiliyor
Göğüs Hastalıkları,Sık sık nefes nefese kalıyorum
Göğüs Hastalıkları,Göğsümde yanıcı bir his
Göğüs Hastalıkları,Uzun süreli öksürük yaşıyorum
Göğüs Hastalıkları,Nefes alırken omuzlarıma ağrı vuruyor
Göğüs Hastalıkları,Hızlı nefes alıp veriyorum
Göğüs Hastalıkları,Göğsümde batıcı bir his
Göğüs Hastalıkları,Sabah kalktığımda öksürük başlıyor
Göğüs Hastalıkları,Nefes alırken tıkanma hissediyorum
Göğüs Hastalıkları,Göğsümde rahatsız edici bir basınç
Göğüs Hastalıkları,Öksürüğüm kuru ve sürekli
Göğüs Hastalıkları,Nefes alırken sürekli zorlanıyorum
Göğüs Hastalıkları,Göğsümde sancı
Göğüs Hastalıkları,Hapşırırken nefesim daralıyor
Göğüs Hastalıkları,Nefes alırken balgam geliyor
Göğüs Hastalıkları,Göğsümde sürekli ağrı hissediyorum
Göğüs Hastalıkları,Hırıltılı solunum yapıyorum
Göğüs Hastalıkları,Göğsümde sürekli baskı
Göğüs Hastalıkları,Nefes alırken omzumda ağrı hissediyorum
Göğüs Hastalıkları,Derin nefes almayı başaramıyorum
Göğüs Hastalıkları,Göğsümde sıkışma hissi artıyor
Göğüs Hastalıkları,Balgam çıkarırken zorlanıyorum
Göğüs Hastalıkları,Gece öksürüğüm hiç durmuyor
Göğüs Hastalıkları,Nefes alırken ciğerlerimde yanma hissediyorum
Göğüs Hastalıkları,Göğsümde sürekli doluluk hissi
Göğüs Hastalıkları,Sürekli balgamlı öksürüyorum
Göğüs Hastalıkları,Göğsümde zonklama hissediyorum
Göğüs Hastalıkları,Nefes alırken sırtımda batma hissediyorum
Göğüs Hastalıkları,Hapşırırken göğsüm sıkışıyor
Göğüs Hastalıkları,Nefes almakta güçlük çekiyorum
Göğüs Hastalıkları,Göğsümde uzun süredir devam eden bir ağrı
Göğüs Hastalıkları,Sürekli boğazımda balgam birikiyor
Göğüs Hastalıkları,Nefes alırken göğsümde rahatsızlık hissediyorum
Göğüs Hastalıkları,Göğsümde hafif ama sürekli bir ağrı
Göğüs Hastalıkları,Öksürdükçe göğsüm daha çok ağrıyor
Göğüs Hastalıkları,Balgam çıkaramıyorum boğazım dolu hissediyor
Göğüs Hastalıkları,Nefes alırken göğsümde kütürdeme duyuyorum
Göğüs Hastalıkları,Gece nefes darlığı yaşıyorum
Göğüs Hastalıkları,Sürekli göğsümde baskı hissediyorum
Göğüs Hastalıkları,Hapşırırken sırtıma ağrı vuruyor
Göğüs Hastalıkları,Derin nefes aldığımda göğsüm ağrıyor
Göğüs Hastalıkları,Sürekli boğaz temizleme ihtiyacı hissediyorum
Göğüs Hastalıkları,Göğsümde rahatsız edici bir his
Göğüs Hastalıkları,Nefes alırken ciğerlerimde batma hissediyorum
Göğüs Hastalıkları,Göğsümde ağırlık hissi artıyor
Göğüs Hastalıkları,Nefes almakta zorlanıyorum ve sıkışıyorum
Göğüs Hastalıkları,Hapşırırken göğsümde ağrı oluyor
Göğüs Hastalıkları,Göğsümde sürekli baskı hissediyorum
Göğüs Hastalıkları,Nefes alırken balgam birikiyor
Göğüs Hastalıkları,Göğsümde batma hissi geçmiyor
Göğüs Hastalıkları,Gece öksürükle uyanıyorum
Göğüs Hastalıkları,Göğsümde sürekli yanma hissi
Göğüs Hastalıkları,Nefes alırken zorlanıyor ve yoruluyorum
Göğüs Hastalıkları,Göğsümde sürekli bir rahatsızlık hissi
Göğüs Hastalıkları,Nefes alırken ağrı hissediyorum
Göğüs Hastalıkları,Balgamım zor çıkıyor ve rahatsız ediyor
Onkoloji,Boynumda sert bir kitle fark ettim
Onkoloji,Kolumda sürekli büyüyen bir şişlik
Onkoloji,Son zamanlarda açıklanamayan kilo kaybı yaşıyorum
Onkoloji,Sürekli yorgun ve halsiz hissediyorum
Onkoloji,Cildimde belirgin bir renk değişikliği fark ettim
Onkoloji,Meme ucumda akıntı ve hassasiyet oluştu
Onkoloji,karnım bölgemde sürekli bir dolgunluk hissediyorum
Onkoloji,Dışkımda kan fark ettim
Onkoloji,Geceleri terleme şikayetim arttı
Onkoloji,Sürekli tekrarlayan bir baş ağrım
Onkoloji,Cildimde iyileşmeyen bir yara oluştu
Onkoloji,Yutkunurken boğazımda takılma hissi yaşıyorum
Onkoloji,Göğsümde ele gelen bir sertlik fark ettim
Onkoloji,Koltuk altımda ağrılı bir şişlik hissediyorum
Onkoloji,Uzun süredir geçmeyen bir öksürüğüm
Onkoloji,İdrar yaparken zorlanıyorum ve kan fark ettim
Onkoloji,Kemiklerimde sebebini bilmediğim ağrılar yaşıyorum
Onkoloji,Karnımda şişkinlik ve rahatsızlık hissediyorum
Onkoloji,Dudaklarımda iyileşmeyen bir yara oluştu
Onkoloji,Lenf bezlerimde ağrısız bir büyüme
Onkoloji,Açıklanamayan şekilde sürekli ateşim çıkıyor
Onkoloji,Cildimde kalınlaşan ve koyulaşan bir ben fark ettim
Onkoloji,Kemiklerim kolayca kırılıyor
Onkoloji,Nefes alırken göğsümde baskı hissediyorum
Onkoloji,Sürekli iştahsızlık yaşıyorum
Onkoloji,Dudaklarımda ve dilimde beyaz plaklar oluştu
Onkoloji,karnım bölgemde ele gelen bir sertlik
Onkoloji,Kürek kemiğimde sürekli ağrı hissediyorum
Onkoloji,Cildimde sıvı dolu bir kabarcık iyileşmiyor
Onkoloji,Gözlerimde sarı renk fark ettim
Onkoloji,Kasık bölgemde ele gelen bir kitle
Onkoloji,İki haftadır sesim kısılıyor ve düzelmiyor
Onkoloji,Kemoterapi sonrası mide bulantısı ve halsizlik yaşıyorum
Onkoloji,Göğsümde büyüyen bir kitle fark ettim
Onkoloji,Ateşim çıktı ve vücudumda döküntüler oluştu
Onkoloji,Bağırsak hareketlerimde ani değişiklikler fark ettim
Onkoloji,Kafamda ağrısız bir şişlik fark ettim
Onkoloji,Gözümde sürekli bir kararma ve bulanıklık
Onkoloji,Nefes alırken hırıltılı bir ses duyuyorum
Onkoloji,Boynumdaki kitle ağrısız ama büyümeye devam ediyor
Onkoloji,Cildimde hızla büyüyen bir yara
Onkoloji,Yutkunurken boğazımda batma hissi oluşuyor
Onkoloji,Dışkım siyah ve katran gibi
Onkoloji,Karnımın sol alt tarafında sürekli ağrı
Onkoloji,Kolumda renk değiştiren bir ben fark ettim
Onkoloji,Cildimde kanayan bir ben iyileşmiyor
Onkoloji,Sürekli kusma ve mide ağrısı yaşıyorum
Onkoloji,Uzun süreli kansızlık tedavisi görüyorum
Onkoloji,Kemoterapi sonrası enfeksiyon riski taşıyorum
Onkoloji,Saçlarımda hızlı dökülme fark ettim
Onkoloji,Kemiklerimde ani ve şiddetli ağrılar başladı
Onkoloji,Karaciğerimde büyüme hissi
Onkoloji,Göğsümde sert hareket etmeyen bir kitle
Onkoloji,Kol ve bacaklarımda açıklanamayan morluklar oluşuyor
Onkoloji,Kan tahlillerimde sürekli anormallikler çıkıyor
Onkoloji,Çene kemiğimde sert bir kitle fark ettim
Onkoloji,Ağız içinde beyaz renkli lezyonlar oluştu
Onkoloji,Nefes alırken zorluk yaşıyorum
Onkoloji,Damarlarımda ağrılı şişlikler
Onkoloji,Cildimde kabaran ve kaşınan bir ben büyüyor
Onkoloji,karnım bölgemde düğüm gibi bir sertlik hissediyorum
Onkoloji,Yüzümde sürekli bir şişlik fark ediyorum
Onkoloji,Balgamda kan görüyorum
Onkoloji,Cildimde hızla büyüyen kırmızı bir leke oluştu
Onkoloji,İki haftadır yemek yerken çiğneme güçlüğü yaşıyorum
Onkoloji,Lenf bezlerimde sürekli büyüme
Onkoloji,Dizlerimde ve kalçamda ağrılar giderek şiddetleniyor
Onkoloji,Göğsümde basınç hissiyle uyanıyorum
Onkoloji,Dışkılama sırasında sürekli ağrı yaşıyorum
Onkoloji,Cildimde asimetrik bir leke büyüyor
Onkoloji,İdrarımda pıhtılaşmış kan görüyorum
Onkoloji,Kemoterapi sonrası sürekli mide yanması hissediyorum
Onkoloji,Dudak kenarımda iyileşmeyen bir yara
Onkoloji,Sürekli baş dönmesi ve bulantı hissediyorum
Onkoloji,Vücudumda şişliklerle birlikte ağrılar başladı
Onkoloji,Nefes alırken göğsümde keskin bir ağrı oluşuyor
Onkoloji,Kan testlerinde sürekli anemi tespit ediliyor
Onkoloji,Göğsümde hassasiyet ve sürekli bir dolgunluk hissediyorum
Onkoloji,Uzun süredir geçmeyen ağız yaralarım
Onkoloji,Karaciğer ultrasonunda kitle tespit edildi
Onkoloji,Lenf bezlerimde belirgin bir ağrısız büyüme oluştu
Onkoloji,Kemoterapi sonrası cildimde soyulmalar başladı
Onkoloji,İdrarımda kötü bir koku ve ağrı hissediyorum
Onkoloji,Göz çevremde belirgin bir ödem oluştu
Onkoloji,Dışkımda sürekli kan fark ediyorum
Onkoloji,Karnımda ele gelen hareketli bir kitle
Onkoloji,Koltuk altımda büyüyen ve hassas bir şişlik hissediyorum
Onkoloji,Kemoterapi sonrası tat alma duyumda kayıp yaşıyorum
Onkoloji,Cildimde kabaran ve kanayan bir yara iyileşmiyor
Onkoloji,Boynumda sürekli büyüyen bir yumru fark ettim
Onkoloji,Cildimde kabuk bağlayan bir yara ve iyileşmiyor
Onkoloji,Göğsümde hızla büyüyen bir sertlik oluştu
Onkoloji,Lenf bezlerim sert ve ağrısız bir şekilde büyüdü
Onkoloji,Cildimde aniden oluşan siyah bir leke fark ettim
Onkoloji,Göz çevremde belirgin sarı bir renk oluştu
Onkoloji,Nefes alırken sürekli hırıltı ve baskı hissediyorum
Dermatoloji,Cildimde kızarıklık
Dermatoloji,Yüzümde sivilceler oluştu
Dermatoloji,Ellerimde kuruluk
Dermatoloji,Saç derimde kaşıntı
Dermatoloji,Tırnaklarımda sararma oldu
Dermatoloji,Cildim çok kaşınıyor
Dermatoloji,Vücudumda döküntüler çıktı
Dermatoloji,Cildimde beyaz lekeler
Dermatoloji,Cildim sürekli soyuluyor
Dermatoloji,Güneşe çıkınca cildim yanıyor
Dermatoloji,Cildimde kabarcıklar oluştu
Dermatoloji,Elimde su toplaması
Dermatoloji,Yüzümde izler oluştu
Dermatoloji,Cildimde kahverengi bir leke çıktı
Dermatoloji,Ayak tırnağımda mantar
Dermatoloji,Bacağımda kabuklanma oluştu
Dermatoloji,Cildim kuru ve çatlıyor
Dermatoloji,Sırtımda sivilceler çıktı
Dermatoloji,Cildimde kaşıntılı kabartılar
Dermatoloji,Cildimde pullanma oluşuyor
Dermatoloji,Dizimde bir yara iyileşmiyor
Dermatoloji,Tırnaklarım kırılgan hale geldi
Dermatoloji,Cildimde aniden bir ben çıktı
Dermatoloji,Boynumda kaşıntılı döküntüler
Dermatoloji,Cildimde morarma oldu
Dermatoloji,Elimde egzama oluştu
Dermatoloji,Cildimde şişlik
Dermatoloji,Cildimde beyaz kabuklanmalar
Dermatoloji,Yüzümde kızarıklık
Dermatoloji,Cildimde çatlaklar oluştu
Dermatoloji,Cildim sürekli kaşınıyor
Dermatoloji,Avuç içimde döküntüler
Dermatoloji,Ayak tabanımda yara çıktı
Dermatoloji,Cildimde kepeklenme oluştu
Dermatoloji,Ellerimde egzama
Dermatoloji,Yüzümdeki lekeler artıyor
Dermatoloji,Cildimde şiddetli kaşıntı
Dermatoloji,Cildim ince ve hassas hale geldi
Dermatoloji,Dizimde kırmızı bir leke oluştu
Dermatoloji,Tırnaklarımda beyaz çizgiler oluştu
Dermatoloji,Cildimde pütürlü bir yapı oluştu
Dermatoloji,Ellerimde açık yaralar
Dermatoloji,Cildimde sert bir kitle fark ettim
Dermatoloji,Yüzümde kuruluk
Dermatoloji,Cildimde güneş yanığı oluştu
Dermatoloji,Cildimde şiddetli tahriş
Dermatoloji,Ellerimde sürekli kaşıntı
Dermatoloji,Cildimde kahverengi bir kabarcık çıktı
Dermatoloji,Sırtımda döküntüler oluştu
Dermatoloji,Yüzümde çatlaklar
Dermatoloji,Cildimde bir yara sürekli büyüyor
Dermatoloji,Ayak tırnağım kalınlaştı ve sarardı
Dermatoloji,Bacaklarımda kaşıntı
Dermatoloji,Cildimde küçük kabarcıklar oluştu
Dermatoloji,Boynumda beyaz lekeler çıktı
Dermatoloji,Cildimde pürüzler oluştu
Dermatoloji,Tırnaklarım renk değiştirdi
Dermatoloji,Cildimde bir alan sürekli kızarık
Dermatoloji,Ellerimde deri dökülüyor
Dermatoloji,Cildimde küçük siyah noktalar oluştu
Dermatoloji,Cildimde sürekli tahriş oluyor
Dermatoloji,Yüzümde kırmızı çizgiler oluştu
Dermatoloji,Cildim güneşe hassas hale geldi
Dermatoloji,Cildimde kaşıntılı izler oluştu
Dermatoloji,Saç derimde yaralar
Dermatoloji,Cildimde şiddetli kaşınma
Dermatoloji,Ayak tabanımda pullanma oluştu
Dermatoloji,Cildimde su dolu kabarcıklar
Dermatoloji,Yüzümde sivilceler büyüyor
Dermatoloji,Cildimde ince damarlar görünüyor
Dermatoloji,Dizimde kırmızı şişlik oluştu
Dermatoloji,Boynumda tahriş
Dermatoloji,Cildimde sürekli yanma hissi
Dermatoloji,Sırtımda küçük lekeler oluştu
Dermatoloji,Ellerimde pütürlü bir yapı
Dermatoloji,Cildimdeki ben büyüdü
Dermatoloji,Ayak tırnağım kalınlaştı
Dermatoloji,Cildimde aniden kabarma oldu
Dermatoloji,Cildimde ince çatlaklar oluştu
Dermatoloji,Ellerimde beyaz çizgiler çıktı
Dermatoloji,Cildimde su toplaması oldu
Dermatoloji,Tırnaklarım sarardı
Dermatoloji,Cildimde kırmızı kabartılar
Dermatoloji,Cildimde sürekli çatlak oluşuyor
Dermatoloji,Yüzümde tahriş
Dermatoloji,Cildimde kuruluk ve kaşıntı arttı
Dermatoloji,Cildimde sert kabuklar oluştu
Dermatoloji,Yüzümde leke oluştu
Dermatoloji,Ellerimde kaşıntılı döküntü
Dermatoloji,Cildimde kırmızı şeritler oluştu
Dermatoloji,Cildimde ani bir hassasiyet oluştu
Dermatoloji,Saç derimde kepeklenme arttı
Dermatoloji,Cildimde sürekli kızarıklık oluşuyor
Dermatoloji,Ayak tırnağım enfekte oldu
Dermatoloji,Cildimde tahriş nedeniyle kızarıklık
Dermatoloji,Ellerimde kabarcıklar oluştu
Dermatoloji,Cildimde beyaz kabuklanma arttı




